accession;TGGAAx5;ATGGAx5;ATGGAx6;TGGAAx6;TGGAAx7;ATTCCx7;ATCGAATGGAx2;AATGGx7;CATTCx5;GAATGGAATCx2;AATGGx8;AATGGx6;AATGGx5;GGAATx7;GGAATx6;GGAATx5;GGAATx9;GGAATx8;GATTCCATTCx2;GAATGx5;GAATGx6
SRR013247.fastq;3042;3021;3100;3116;3225;3221;3505;3166;3047;3476;3320;3138;3051;3203;3136;3057;3417;3337;3547;3063;3129
SRR013216.fastq;3351;3338;3240;3425;3424;3461;3961;3339;3331;3473;3456;3371;3300;3509;3381;3361;3510;3553;4001;3356;3427
SRR013248.fastq;3243;3247;3287;3293;3301;3251;3902;3315;3212;3821;3388;3279;3253;3352;3298;3256;3418;3382;3965;3266;3307
SRR013227.fastq;4274;4272;4319;4362;4533;4508;4895;4544;4273;4773;4660;4394;4252;4528;4407;4278;4774;4659;4942;4286;4401
SRR013243.fastq;3367;3294;3466;3493;3626;3575;3766;3588;3348;3678;3545;3478;3370;3623;3470;3373;3764;3703;3806;3375;3461
SRR013231.fastq;3431;3407;3479;3532;3627;3615;3923;3579;3409;3730;3684;3471;3438;3670;3565;3458;3836;3740;3972;3472;3561
SRR013242.fastq;3769;3737;3783;3868;4050;4059;4114;4027;3745;4131;4185;3803;3776;4073;3909;3774;4269;4206;4239;3775;3907
SRR013213.fastq;3545;3502;3538;3636;3801;3816;3970;3791;3560;3949;3958;3641;3557;3715;3670;3551;4084;3895;4024;3564;3662
SRR013218.fastq;3610;3594;3648;3693;3764;3734;4243;3731;3602;4144;3834;3682;3595;3777;3689;3611;3933;3850;4270;3613;3685
SRR013240.fastq;93518;12008;35534;24480;24557;12085;35557;47636;35463;47594;35667;11682;47474;35586;93594;127528;11917;35665;70616;70496;11710
SRR013207.fastq;3304;3290;3389;3406;3512;3484;3798;3502;3282;3750;3583;3394;3292;3513;3411;3309;3721;3614;3821;3308;3405
SRR013219.fastq;3344;3336;3326;3412;3494;3466;3947;3465;3256;3954;3539;3400;3325;3493;3422;3342;3634;3556;3976;3355;3413
SRR013230.fastq;3291;3246;3238;3315;3362;3394;4015;3375;3303;3987;3399;3311;3285;3399;3363;3296;3451;3298;4045;3312;3359
SRR013211.fastq;4569;4573;4566;4721;4806;4788;5298;4816;4527;5265;5006;4713;4586;4861;4722;4587;5078;4988;5310;4588;4718
SRR013221.fastq;4639;4619;4803;4798;4936;4965;5225;4992;4628;4963;5148;4821;4615;4991;4814;4643;5320;5175;5244;4644;4809
SRR013228.fastq;3806;3768;3845;3933;3997;4101;4318;4107;3811;4276;4191;3955;3817;4121;3977;3827;4397;4273;4331;3830;3947
SRR013226.fastq;2948;2911;2960;2984;3045;3058;3495;3054;2954;3347;3157;2990;2953;3095;3018;2957;3226;3128;3497;2959;3008
SRR013214.fastq;3828;3846;3875;3922;3953;4035;4546;3880;3847;4444;3980;3865;3807;4042;3932;3865;4170;4091;4594;3873;3965
SRR013220.fastq;3589;3585;3685;3648;3745;3756;4124;3753;3562;4133;3791;3668;3554;3691;3694;3590;3929;3866;4163;3593;3654
SRR013205.fastq;3728;3647;3784;3931;4069;4104;4097;3970;3762;4012;4123;3918;3779;4108;3914;3753;4401;4225;4149;3765;3933
SRR013229.fastq;3073;3052;2962;3114;3090;3109;3740;3107;3058;3654;3163;3095;3049;3148;3129;3087;3238;3217;3772;3077;3126
SRR013200.fastq;3317;3270;3175;3398;3533;3466;3651;3462;3248;3360;3676;3377;3243;3587;3429;3308;3798;3627;3656;3307;3432
SRR013202.fastq;3867;3875;3919;4038;4145;4160;4289;4158;3881;4182;4273;4034;3908;4205;4050;3916;4508;4351;4365;3903;4043
SRR013246.fastq;3743;3712;3719;3808;3878;3802;4418;3849;3699;4323;3978;3813;3734;3899;3836;3736;4070;3964;4427;3729;3811
SRR013249.fastq;3503;3488;3596;3622;3754;3676;3871;3732;3441;3736;3872;3600;3485;3763;3628;3504;4030;3881;3927;3495;3618
SRR013237.fastq;3174;3156;3232;3244;3314;3294;3757;3315;3149;3737;3393;3242;3171;3326;3253;3179;3471;3402;3771;3178;3248
SRR013201.fastq;3052;2994;3004;3150;3206;3217;3251;3235;3045;3471;3280;3132;3041;3202;3140;3083;3436;3328;3507;3072;3162
SRR013223.fastq;3848;3824;3760;3909;3993;3935;4541;3996;3747;4521;4095;3925;3836;4028;3938;3857;4215;4110;4576;3849;3919
SRR013234.fastq;3077;3068;3110;3099;3120;3195;3594;3203;3083;3630;3243;3106;3075;3222;3046;3086;3385;3205;3642;3094;3166
SRR013244.fastq;3675;3676;3740;3804;3935;3913;4107;3952;3645;4136;4090;3796;3674;3955;3801;3684;4224;4048;4097;3677;3819
SRR013208.fastq;5548;5529;5647;5738;5965;5962;6170;5904;5530;6174;6135;5690;5532;5975;5780;5572;6347;6188;6273;5577;5769
SRR013241.fastq;2826;2814;2821;2896;2991;2980;3227;2985;2794;3066;2856;2869;2835;2957;2916;2834;3170;3096;3270;2837;2899
SRR013204.fastq;3438;3415;3553;3584;3733;3723;3775;3720;3402;3699;3881;3572;3421;3746;3577;3435;4054;3906;3778;3437;3578
SRR013225.fastq;3486;3463;3535;3549;3648;3612;4129;3641;3468;4017;3656;3542;3471;3630;3578;3492;3805;3749;4104;3490;3572
SRR013236.fastq;2810;2798;2827;2905;2979;2955;3224;2833;2811;3163;3063;2850;2808;2995;2912;2826;3177;3078;3250;2820;2896
SRR013245.fastq;2827;2815;2859;2876;2946;2923;3301;2954;2734;3183;3011;2879;2826;2959;2896;2829;3046;3012;3347;2830;2893
SRR013210.fastq;5010;4993;5145;5171;5361;5356;5654;5396;4947;5637;5554;5187;4995;5372;5208;5020;5765;5598;5653;5016;5206
SRR013224.fastq;3034;3018;3118;3146;3256;3221;3407;3232;3019;3393;3366;3136;3028;3253;3154;3035;3492;3385;3423;3030;3148
SRR013209.fastq;5227;5181;5348;5427;5591;5567;5648;5630;5173;5621;5774;5413;5231;5595;5428;5236;6033;5840;5869;5226;5394
SRR013239.fastq;3181;3160;3238;3223;3299;3326;3767;3321;3167;3753;3374;3160;3173;3334;3257;3189;3421;3405;3788;3180;3247
SRR013206.fastq;3684;3647;3631;3734;3796;3816;4151;3807;3694;4074;3897;3776;3687;3856;3770;3704;4004;3949;4387;3680;3753
SRR013238.fastq;3424;3407;3536;3544;3633;3630;3819;3607;3390;3840;3795;3542;3411;3674;3554;3430;3931;3822;3869;3420;3552
SRR013232.fastq;3294;3225;3312;3392;3463;3517;3805;3409;3313;3575;3604;3394;3315;3525;3430;3328;3708;3597;3865;3340;3425
SRR013235.fastq;3261;3264;3253;3338;3466;3459;3759;3431;3248;3761;3577;3364;3271;3451;3329;3272;3585;3574;3784;3285;3332
SRR013222.fastq;4367;4332;4519;4560;4619;4716;4739;4618;4365;4690;4753;4512;4347;4759;4554;4350;5172;4957;4808;4369;4525
SRR013203.fastq;3851;3854;3959;3981;4088;4100;4407;4097;3859;4442;4147;3920;3861;4090;3984;3874;4316;4217;4474;3872;3971
SRR013233.fastq;3173;3144;3187;3220;3268;3350;3753;3304;3197;3667;3284;3157;3073;3287;3247;3203;3439;3382;3824;3201;3231
SRR013212.fastq;3439;3365;3408;3489;3614;3678;3842;3690;3449;3809;3807;3530;3443;3609;3512;3440;3861;3650;3901;3434;3551
SRR013217.fastq;3602;3575;3695;3699;3748;3867;4047;3856;3623;4027;3844;3738;3601;3858;3763;3655;4047;3727;4188;3641;3758
SRR013215.fastq;3740;3730;3821;3848;3912;4028;4180;3903;3721;4127;3975;3852;3742;3989;3891;3746;4288;4123;4239;3761;3882
